[
  {
    "text": "Vial Camino Carretera Del Whisky, Cuenca",
    "url": "/geo/venta-viviendas/vial-camino-carretera-del-whisky-estremera-madrid/"
  },
  {
    "text": "Calle Dr Dolkoweky, Valverde",
    "url": "/geo/venta-viviendas/calle-dr-dolkoweky-valverde-santa-cruz-de-tenerife/"
  },
  {
    "text": "Calle Kandinsky, Málaga",
    "url": "/geo/venta-viviendas/calle-kandinsky-malaga-malaga/"
  },
  {
    "text": "Calle Sulky, Mazarrón",
    "url": "/geo/venta-viviendas/calle-sulky-mazarron-murcia/"
  },
  {
    "text": "Calle Tchaikovsky, San Miguel de Salinas",
    "url": "/geo/venta-viviendas/calle-tchaikovsky-san-miguel-de-salinas-alacant-alicante/"
  },
  {
    "text": "Calle Whisky, Murcia",
    "url": "/geo/venta-viviendas/calle-whisky-murcia-murcia/"
  },
  {
    "text": "Carretera Carretera Del Whisky, Cuenca",
    "url": "/geo/venta-viviendas/carretera-carretera-del-whisky-barajas-de-melo-cuenca/"
  },
  {
    "text": "Calle Stravinsky, Málaga",
    "url": "/geo/venta-viviendas/calle-stravinsky-malaga-malaga/"
  },
  {
    "text": "Calle Kandinsky, La Nucia",
    "url": "/geo/venta-viviendas/calle-kandinsky-la-nucia-alacant-alicante/"
  },
  {
    "text": "Calle Comp Stravinsky, Rubí",
    "url": "/geo/venta-viviendas/calle-comp-stravinsky-rubi-barcelona/"
  },
  {
    "text": "Universitat Miguel Hernández d'Elx (UMH), Elche / Elx",
    "url": "/geo/venta-viviendas/universitat-miguel-hernandez-d-elx-umh/"
  },
  {
    "text": "Elche / Elx, Alicante",
    "url": "/venta-viviendas/elche-elx-alicante/"
  },
  {
    "text": "Guadalxierra, Guadalix de la Sierra",
    "url": "/geo/venta-viviendas/guadalxierra/"
  },
  {
    "text": "Plaza Misteri D'Elx, Elche / Elx",
    "url": "/geo/venta-viviendas/plaza-misteri-d-elx-elche-elx-alacant-alicante/"
  },
  {
    "text": "Carretera Nord D'Elx, Elche / Elx",
    "url": "/geo/venta-viviendas/carretera-nord-d-elx-elche-elx-alacant-alicante/"
  },
  {
    "text": "Vial-Camino Vell D'Elx, Elche / Elx",
    "url": "/geo/venta-viviendas/vial-camino-vell-d-elx-elche-elx-alacant-alicante/"
  },
  {
    "text": "Avenida Camp D'Elx, Elche / Elx",
    "url": "/geo/venta-viviendas/avenida-camp-d-elx-elche-elx-alacant-alicante/"
  },
  {
    "text": "Avenida De La Universitat D'Elx, Elche / Elx",
    "url": "/geo/venta-viviendas/avenida-de-la-universitat-d-elx-elche-elx-alacant-alicante/"
  },
  {
    "text": "Carretera Vell D'Elx A Santa Pola, Elche / Elx",
    "url": "/geo/venta-viviendas/carretera-vell-d-elx-a-santa-pola-elche-elx-alacant-alicante/"
  },
  {
    "text": "Avenida De L'Elx C.F., Elche / Elx",
    "url": "/geo/venta-viviendas/avenida-de-l-elx-cf-elche-elx-alacant-alicante/"
  },
  {
    "text": "Creu de la Ma - Rally sur, Figueres",
    "url": "/venta-viviendas/figueres/creu-de-la-ma-rally-sur/"
  },
  {
    "text": "Calypo Fado, Toledo",
    "url": "/venta-viviendas/calypo-fado-toledo/"
  },
  {
    "text": "Calypo, Navalcarnero",
    "url": "/venta-viviendas/navalcarnero/calypo/"
  },
  {
    "text": "Solymar - Puerto Marina, Benalmádena",
    "url": "/venta-viviendas/benalmadena/solymar-puerto-marina/"
  },
  {
    "text": "Urbanización Calypso, Mijas",
    "url": "/geo/venta-viviendas/urbanizacion-calypso/"
  },
  {
    "text": "Calle Calypso Urb Calypso, Mijas",
    "url": "/geo/venta-viviendas/calle-calypso-urb-calypso-mijas-malaga/"
  },
  {
    "text": "Avenida Madrid-Calypo, Calypo Fado",
    "url": "/geo/venta-viviendas/avenida-madrid-calypo-casarrubios-del-monte-toledo/"
  },
  {
    "text": "Calle Polysol Ocho, Alcalá de Guadaira",
    "url": "/geo/venta-viviendas/calle-polysol-ocho-alcala-de-guadaira-sevilla/"
  },
  {
    "text": "Calle Polysol Siete, Alcalá de Guadaira",
    "url": "/geo/venta-viviendas/calle-polysol-siete-alcala-de-guadaira-sevilla/"
  },
  {
    "text": "Calle Polysol Once, Alcalá de Guadaira",
    "url": "/geo/venta-viviendas/calle-polysol-once-alcala-de-guadaira-sevilla/"
  },
  {
    "text": "Calzada De Briviesca A Santo Domingo De La Calzada, Altable",
    "url": "/geo/venta-viviendas/vial-camino-calzada-de-briviesca-a-santo-domingo-de-la-calzada-altable-burgos/"
  },
  {
    "text": "Calzada De Briviesca A Santo Domingo De La Calzada, Burgos",
    "url": "/geo/venta-viviendas/vial-camino-calzada-de-briviesca-a-santo-domingo-de-la-calzada-santa-maria-rivarredonda-burgos/"
  },
  {
    "text": "Calzada Calzada Vieja De Montejo, Montejo de Arévalo",
    "url": "/geo/venta-viviendas/calzada-calzada-vieja-de-montejo-montejo-de-arevalo-segovia/"
  },
  {
    "text": "Calzada De Briviesca A Santo Domingo De La Calzada, Burgos",
    "url": "/geo/venta-viviendas/vial-camino-calzada-de-briviesca-a-santo-domingo-de-la-calzada-valluercanes-burgos/"
  },
  {
    "text": "Calzada De Briviesca A Santo Domingo De La Calzada, Burgos",
    "url": "/geo/venta-viviendas/vial-camino-calzada-de-briviesca-a-santo-domingo-de-la-calzada-pancorbo-burgos/"
  },
  {
    "text": "Carretera Lz-67, Tinajo",
    "url": "/geo/venta-viviendas/carretera-lz-67-tinajo-las-palmas/"
  },
  {
    "text": "Carretera Lz-58, Las Palmas",
    "url": "/geo/venta-viviendas/carretera-lz-58-san-bartolome-las-palmas/"
  },
  {
    "text": "Carretera Lz-58, Las Palmas",
    "url": "/geo/venta-viviendas/carretera-lz-58-teguise-las-palmas/"
  },
  {
    "text": "Carretera Lz-30, Yaiza",
    "url": "/geo/venta-viviendas/carretera-lz-30-yaiza-las-palmas/"
  },
  {
    "text": "Carretera Lz-34, Teguise",
    "url": "/geo/venta-viviendas/carretera-lz-34-teguise-las-palmas/"
  },
  {
    "text": "Urbanización Myramar, Benalmádena",
    "url": "/geo/venta-viviendas/urbanizacion-myramar/"
  },
  {
    "text": "Plaza Real-My, Cabrillanes",
    "url": "/geo/venta-viviendas/plaza-real-my-cabrillanes-leon/"
  },
  {
    "text": "Camino Calleja-My, Cabrillanes",
    "url": "/geo/venta-viviendas/camino-calleja-my-cabrillanes-leon/"
  },
  {
    "text": "Calle Real-My, Cabrillanes",
    "url": "/geo/venta-viviendas/calle-real-my-cabrillanes-leon/"
  },
  {
    "text": "Calle Santa Mý De Compostill, Ponferrada",
    "url": "/geo/venta-viviendas/calle-santa-my-de-compostill-ponferrada-leon/"
  },
  {
    "text": "Passatge Jimmy Rena, Palafrugell",
    "url": "/geo/venta-viviendas/passatge-jimmy-rena-palafrugell-girona/"
  },
  {
    "text": "Calle Alva Myrdal, Rubí",
    "url": "/geo/venta-viviendas/calle-alva-myrdal-rubi-barcelona/"
  },
  {
    "text": "Calle Alva Myrdal, Alhaurín de la Torre",
    "url": "/geo/venta-viviendas/calle-alva-myrdal-alhaurin-de-la-torre-malaga/"
  },
  {
    "text": "Avenida De Alva Myrdal, Getafe",
    "url": "/geo/venta-viviendas/avenida-de-alva-myrdal-getafe-madrid/"
  },
  {
    "text": "Calle Carmelo Lara (Tomy Lara), Valdepeñas",
    "url": "/geo/venta-viviendas/calle-carmelo-lara-tomy-lara-valdepenas-ciudad-real/"
  },
  {
    "text": "Calle Oteiro-Mz, Riello",
    "url": "/geo/venta-viviendas/calle-oteiro-mz-riello-leon/"
  },
  {
    "text": "Calle Pequena-Mz, Riello",
    "url": "/geo/venta-viviendas/calle-pequena-mz-riello-leon/"
  },
  {
    "text": "Calle Generalisimo-Mz, Chozas de Abajo",
    "url": "/geo/venta-viviendas/calle-generalisimo-mz-chozas-de-abajo-leon/"
  },
  {
    "text": "Poligono Pla Sud Mz. 17, Masquefa",
    "url": "/geo/venta-viviendas/poligono-pla-sud-mz-17-masquefa-barcelona/"
  },
  {
    "text": "Carretera Marzan-Mz, Riello",
    "url": "/geo/venta-viviendas/carretera-marzan-mz-riello-leon/"
  },
  {
    "text": "Calle Real-Mz, Chozas de Abajo",
    "url": "/geo/venta-viviendas/calle-real-mz-chozas-de-abajo-leon/"
  },
  {
    "text": "Calle Puente-Mz, Riello",
    "url": "/geo/venta-viviendas/calle-puente-mz-riello-leon/"
  },
  {
    "text": "Calle Presa-Mz, Riello",
    "url": "/geo/venta-viviendas/calle-presa-mz-riello-leon/"
  },
  {
    "text": "Calle Mediolavilla-Mz, Riello",
    "url": "/geo/venta-viviendas/calle-mediolavilla-mz-riello-leon/"
  },
  {
    "text": "Calle Torre-Mz, Chozas de Abajo",
    "url": "/geo/venta-viviendas/calle-torre-mz-chozas-de-abajo-leon/"
  },
  {
    "text": "Sanxenxo, Pontevedra",
    "url": "/venta-viviendas/sanxenxo-pontevedra/"
  },
  {
    "text": "Sanxenxo, Sanxenxo",
    "url": "/venta-viviendas/sanxenxo/sanxenxo/"
  },
  {
    "text": "Vial Camino Camino De Canxinxes, Huesca",
    "url": "/geo/venta-viviendas/vial-camino-camino-de-canxinxes-albelda-huesca/"
  },
  {
    "text": "Vial Camino Camino De Canxinxes, Castillonroy",
    "url": "/geo/venta-viviendas/vial-camino-camino-de-canxinxes-castillonroy-huesca/"
  },
  {
    "text": "Rua Sanxenxo-Coia, Vigo",
    "url": "/geo/venta-viviendas/rua-sanxenxo-coia-vigo-pontevedra/"
  },
  {
    "text": "Rua Sanxenxo, Cambados",
    "url": "/geo/venta-viviendas/rua-sanxenxo-cambados-pontevedra/"
  },
  {
    "text": "Camino Dos Ponxos-Os Ponxos, Ourense",
    "url": "/geo/venta-viviendas/camino-dos-ponxos-os-ponxos-ourense-ourense/"
  },
  {
    "text": "Lugar Granxa-Dorron, Sanxenxo",
    "url": "/geo/venta-viviendas/lugar-granxa-dorron-sanxenxo-pontevedra/"
  },
  {
    "text": "Plaza Enxido, Sanxenxo",
    "url": "/geo/venta-viviendas/plaza-enxido-sanxenxo-pontevedra/"
  },
  {
    "text": "Praza Do Enxido, Sanxenxo",
    "url": "/geo/venta-viviendas/praza-do-enxido-sanxenxo-pontevedra/"
  },
  {
    "text": "El Cabanyal-El Canyamelar, València",
    "url": "/venta-viviendas/valencia/poblats-maritims/el-cabanyal-el-canyamelar/"
  },
  {
    "text": "Plaça Catalunya - Vinyets, Sant Boi de Llobregat",
    "url": "/venta-viviendas/sant-boi-de-llobregat/placa-catalunya-vinyets/"
  },
  {
    "text": "Calle Montseny (Portinyol), Arenys de Mar",
    "url": "/geo/venta-viviendas/calle-montseny-portinyol-arenys-de-mar-barcelona/"
  },
  {
    "text": "Camino Vinyals-Canyarets, Banyeres de Mariola",
    "url": "/geo/venta-viviendas/camino-vinyals-canyarets-banyeres-de-mariola-alacant-alicante/"
  },
  {
    "text": "Vial-Camino De La Canyada De Les Vinyes, Pinoso",
    "url": "/geo/venta-viviendas/vial-camino-de-la-canyada-de-les-vinyes-el-pinos-pinoso-alacant-alicante/"
  },
  {
    "text": "Carrer Tonyina-La Vinya, Benissa",
    "url": "/geo/venta-viviendas/carrer-tonyina-la-vinya-benissa-alacant-alicante/"
  },
  {
    "text": "Vial-Camino De La Penya Banyada, Cocentaina",
    "url": "/geo/venta-viviendas/vial-camino-de-la-penya-banyada-cocentaina-alacant-alicante/"
  },
  {
    "text": "Calle Enginyer Santi Company, Lleida",
    "url": "/geo/venta-viviendas/calle-enginyer-santi-company-lleida-lleida/"
  },
  {
    "text": "Partida Renyinyosa, Callosa d'En Sarria",
    "url": "/geo/venta-viviendas/partida-renyinyosa-callosa-d-en-sarria-alacant-alicante/"
  },
  {
    "text": "Avenida Catalunya - Canyera, Llagostera",
    "url": "/geo/venta-viviendas/avenida-catalunya-canyera-llagostera-girona/"
  },
  {
    "text": "Calle Juana Gonzalez Monzon. Maestra De San Lorenzo, Las Palmas de Gran Canaria",
    "url": "/geo/venta-viviendas/calle-juana-gonzalez-monzon-maestra-de-san-lorenzo-las-palmas-de-gran-canaria-las-palmas/"
  },
  {
    "text": "Vial-Camino Camino De Mestanza A San Lorenzo, Ciudad Real",
    "url": "/geo/venta-viviendas/vial-camino-camino-de-mestanza-a-san-lorenzo-mestanza-ciudad-real/"
  },
  {
    "text": "Calle Sor Ana Gonzalez Gonza, La Orotava",
    "url": "/geo/venta-viviendas/calle-sor-ana-gonzalez-gonza-la-orotava-santa-cruz-de-tenerife/"
  },
  {
    "text": "Calle Teniente Gonzalo Herranz, Guadalajara",
    "url": "/geo/venta-viviendas/calle-teniente-gonzalo-herranz-guadalajara-guadalajara/"
  },
  {
    "text": "Calle Hermanos Gonzalez Saenz, Ayamonte",
    "url": "/geo/venta-viviendas/calle-hermanos-gonzalez-saenz-ayamonte-huelva/"
  },
  {
    "text": "Vial-Camino Camino De Mestanza A San Lorenzo De Calatrava, San Lorenzo de Calatrava",
    "url": "/geo/venta-viviendas/vial-camino-camino-de-mestanza-a-san-lorenzo-de-calatrava-san-lorenzo-de-calatrava-ciudad-real/"
  },
  {
    "text": "Vial-Camino Camino De Mestanza A San Lorenzo, Ciudad Real",
    "url": "/geo/venta-viviendas/vial-camino-camino-de-mestanza-a-san-lorenzo-san-lorenzo-de-calatrava-ciudad-real/"
  },
  {
    "text": "Avenida De Aldonza Lorenzo, Getafe",
    "url": "/geo/venta-viviendas/avenida-de-aldonza-lorenzo-getafe-madrid/"
  },
  {
    "text": "Plaza Aldonza Lorenzo, Estepona",
    "url": "/geo/venta-viviendas/plaza-aldonza-lorenzo-estepona-malaga/"
  },
  {
    "text": "Calle Aldonza Lorenzo, Otura",
    "url": "/geo/venta-viviendas/calle-aldonza-lorenzo-villa-de-otura-granada/"
  },
  {
    "text": "Torrox, Málaga",
    "url": "/venta-viviendas/torrox-malaga/"
  },
  {
    "text": "Borox, Toledo",
    "url": "/venta-viviendas/borox-toledo/"
  },
  {
    "text": "Albox, Almería",
    "url": "/venta-viviendas/albox-almeria/"
  },
  {
    "text": "Tolox, Málaga",
    "url": "/venta-viviendas/tolox-malaga/"
  },
  {
    "text": "Almorox, Toledo",
    "url": "/venta-viviendas/almorox-toledo/"
  },
  {
    "text": "Cox, Alicante",
    "url": "/venta-viviendas/cox-alicante/"
  },
  {
    "text": "Torrox Pueblo, Torrox",
    "url": "/venta-viviendas/torrox/torrox-pueblo/"
  },
  {
    "text": "Torrox Park, Torrox",
    "url": "/venta-viviendas/torrox/torrox-park/"
  },
  {
    "text": "Rua Xose Ramon Fernandez Oxea, Ourense",
    "url": "/geo/venta-viviendas/rua-xose-ramon-fernandez-oxea-ourense-ourense/"
  },
  {
    "text": "Calle Camino Segovias (Albox), Albox",
    "url": "/geo/venta-viviendas/calle-camino-segovias-albox-albox-almeria/"
  },
  {
    "text": "Puente Jontoya - Puente de la Sierra - El Arroyo, Jaén",
    "url": "/venta-viviendas/jaen/puente-jontoya-puente-de-la-sierra-el-arroyo/"
  },
  {
    "text": "Poyales del Hoyo, Ávila",
    "url": "/venta-viviendas/poyales-del-hoyo-avila/"
  },
  {
    "text": "Calle Proyecto Ii-Mahoya, Abanilla",
    "url": "/geo/venta-viviendas/calle-proyecto-ii-mahoya-abanilla-murcia/"
  },
  {
    "text": "Calle Proyecto Iv-Mahoya, Abanilla",
    "url": "/geo/venta-viviendas/calle-proyecto-iv-mahoya-abanilla-murcia/"
  },
  {
    "text": "Calle Proyecto Vi-Mahoya, Abanilla",
    "url": "/geo/venta-viviendas/calle-proyecto-vi-mahoya-abanilla-murcia/"
  },
  {
    "text": "Calle Proyecto Vii-Mahoya, Abanilla",
    "url": "/geo/venta-viviendas/calle-proyecto-vii-mahoya-abanilla-murcia/"
  },
  {
    "text": "Calle Proyecto Viii-Mahoya, Abanilla",
    "url": "/geo/venta-viviendas/calle-proyecto-viii-mahoya-abanilla-murcia/"
  },
  {
    "text": "Calle Campoy Irigoyen, Jaca",
    "url": "/geo/venta-viviendas/calle-campoy-irigoyen-jaca-huesca/"
  },
  {
    "text": "Calle Eloy Moya, Los Hinojosos",
    "url": "/geo/venta-viviendas/calle-eloy-moya-los-hinojosos-cuenca/"
  },
  {
    "text": "Vial Camino De Casas De Moya A Villatoya, Venta del Moro",
    "url": "/geo/venta-viviendas/vial-camino-de-casas-de-moya-a-villatoya-venta-del-moro-valencia-valencia/"
  },
  {
    "text": "Oza-Cesuras, A Coruña",
    "url": "/venta-viviendas/oza-cesuras-a-coruna/"
  },
  {
    "text": "Camino Pozo Lozano, La Victoria",
    "url": "/geo/venta-viviendas/camino-pozo-lozano-la-victoria-cordoba/"
  },
  {
    "text": "Ronda De Pozo Zozo, Cuerva",
    "url": "/geo/venta-viviendas/ronda-de-pozo-zozo-cuerva-toledo/"
  },
  {
    "text": "Calle Pozo Villambroz, Villarrabé",
    "url": "/geo/venta-viviendas/calle-pozo-villambroz-villarrabe-palencia/"
  },
  {
    "text": "Calle Pozo De La Hoz, Sisante",
    "url": "/geo/venta-viviendas/calle-pozo-de-la-hoz-sisante-cuenca/"
  },
  {
    "text": "Calle Longinos Abengozar Muñoz, Santa Olalla del Cala",
    "url": "/geo/venta-viviendas/calle-longinos-abengozar-munoz-santa-olalla-del-cala-huelva/"
  },
  {
    "text": "Calle Pozancos -Pozan, Sigüenza",
    "url": "/geo/venta-viviendas/calle-pozancos-pozan-siguenza-guadalajara/"
  },
  {
    "text": "Calle Capitan Muñoz Lozano, Málaga",
    "url": "/geo/venta-viviendas/calle-capitan-munoz-lozano-malaga-malaga/"
  },
  {
    "text": "Vial Camino Camino De Rozas A Pozuelo, Majadahonda",
    "url": "/geo/venta-viviendas/vial-camino-camino-de-rozas-a-pozuelo-majadahonda-madrid/"
  },
  {
    "text": "Vial-Camino Camino Del Pozuelo A Pozo Verde, Villarrubia de Santiago",
    "url": "/geo/venta-viviendas/vial-camino-camino-del-pozuelo-a-pozo-verde-villarrubia-de-santiago-toledo/"
  },
  {
    "text": "Calle N.Horizonte-Bl1-Px(Man, La Manga del Mar Menor",
    "url": "/geo/venta-viviendas/calle-nhorizonte-bl1-pxman-san-javier-murcia/"
  },
  {
    "text": "Calle N.Horizonte-Bliv-Px(Ma, La Manga del Mar Menor",
    "url": "/geo/venta-viviendas/calle-nhorizonte-bliv-pxma-san-javier-murcia/"
  },
  {
    "text": "Calle N.Horizonte-Blii-Px(Ma, La Manga del Mar Menor",
    "url": "/geo/venta-viviendas/calle-nhorizonte-blii-pxma-san-javier-murcia/"
  },
  {
    "text": "Calle N.Horizonte-Bliiipx(Ma, La Manga del Mar Menor",
    "url": "/geo/venta-viviendas/calle-nhorizonte-bliiipxma-san-javier-murcia/"
  },
  {
    "text": "Parque PYR, Guadarrama",
    "url": "/geo/venta-viviendas/parque-pyr/"
  },
  {
    "text": "Calleja 1-Py, Castrocontrigo",
    "url": "/geo/venta-viviendas/calleja-1-py-castrocontrigo-leon/"
  },
  {
    "text": "Calle 1-Py, Castrocontrigo",
    "url": "/geo/venta-viviendas/calle-1-py-castrocontrigo-leon/"
  },
  {
    "text": "Calle 2-Py, Castrocontrigo",
    "url": "/geo/venta-viviendas/calle-2-py-castrocontrigo-leon/"
  },
  {
    "text": "Calle 3-Py, Castrocontrigo",
    "url": "/geo/venta-viviendas/calle-3-py-castrocontrigo-leon/"
  },
  {
    "text": "Travesia Iglesia-Py, Castrocontrigo",
    "url": "/geo/venta-viviendas/travesia-iglesia-py-castrocontrigo-leon/"
  },
  {
    "text": "Calle Jose Maria Py, Alicante / Alacant",
    "url": "/geo/venta-viviendas/calle-jose-maria-py-alicante-alacant-alacant-alicante/"
  },
  {
    "text": "Calle Iglesia-Py, Castrocontrigo",
    "url": "/geo/venta-viviendas/calle-iglesia-py-castrocontrigo-leon/"
  },
  {
    "text": "Calle 4-Py, Castrocontrigo",
    "url": "/geo/venta-viviendas/calle-4-py-castrocontrigo-leon/"
  },
  {
    "text": "Calle Pynieres, Tortosa",
    "url": "/geo/venta-viviendas/calle-pynieres-tortosa-tarragona/"
  },
  {
    "text": "Pz Independencia, Vigo",
    "url": "/venta-viviendas/vigo/centro-urbano/pz-independencia/"
  },
  {
    "text": "Callejon De Servicio Entre Pz Del Tamborilero Y Pz Menor, Almonte",
    "url": "/geo/venta-viviendas/calle-callejon-de-servicio-entre-pz-del-tamborilero-y-pz-menor-almonte-huelva/"
  },
  {
    "text": "Plaza Juan Xxiii Pz Del Carbon, Fraga",
    "url": "/geo/venta-viviendas/plaza-juan-xxiii-pz-del-carbon-fraga-huesca/"
  },
  {
    "text": "Calle Pz Major, Bellmunt d'Urgell",
    "url": "/geo/venta-viviendas/calle-pz-major-bellmunt-d-urgell-lleida/"
  },
  {
    "text": "Travessera Pz Toros, Olombrada",
    "url": "/geo/venta-viviendas/travessera-pz-toros-olombrada-segovia/"
  },
  {
    "text": "Calle Puente-Pz, Garrafe de Torio",
    "url": "/geo/venta-viviendas/calle-puente-pz-garrafe-de-torio-leon/"
  },
  {
    "text": "Calle Iglesia-Pz, Garrafe de Torio",
    "url": "/geo/venta-viviendas/calle-iglesia-pz-garrafe-de-torio-leon/"
  },
  {
    "text": "Travesia Pz España I, Pozuelo de Zarzon",
    "url": "/geo/venta-viviendas/travesia-pz-espana-i-pozuelo-de-zarzon-caceres/"
  },
  {
    "text": "Camino Apeadero-Pz, Garrafe de Torio",
    "url": "/geo/venta-viviendas/camino-apeadero-pz-garrafe-de-torio-leon/"
  },
  {
    "text": "Calle Soto-Pz, Garrafe de Torio",
    "url": "/geo/venta-viviendas/calle-soto-pz-garrafe-de-torio-leon/"
  },
  {
    "text": "L'Lorcha/Orxa, Alicante",
    "url": "/venta-viviendas/l-lorchaorxa-alicante/"
  },
  {
    "text": "Orxeta, Alicante",
    "url": "/venta-viviendas/orxeta-alicante/"
  },
  {
    "text": "Barx, València",
    "url": "/venta-viviendas/barx-valencia/"
  },
  {
    "text": "Marxalenes, València",
    "url": "/venta-viviendas/valencia/la-saidia/marxalenes/"
  },
  {
    "text": "Arxiduc, Palma de Mallorca",
    "url": "/venta-viviendas/palma-de-mallorca/las-avenidas/arxiduc/"
  },
  {
    "text": "Travesia Virxe Barxa, O Barco de Valdeorras",
    "url": "/geo/venta-viviendas/travesia-virxe-barxa-o-barco-de-valdeorras-ourense/"
  },
  {
    "text": "Rua Da Virxebarxa (Da), O Barco de Valdeorras",
    "url": "/geo/venta-viviendas/rua-da-virxebarxa-da-o-barco-de-valdeorras-ourense/"
  },
  {
    "text": "Vial Camino De Porxinos, Vilamarxant",
    "url": "/geo/venta-viviendas/vial-camino-de-porxinos-vilamarxant-valencia-valencia/"
  },
  {
    "text": "Carretera De L' Orxa, L'Lorcha/Orxa",
    "url": "/geo/venta-viviendas/carretera-de-l-orxa-lorcha-l-orxa-alacant-alicante/"
  },
  {
    "text": "Carrer De Porxet, Barxeta",
    "url": "/geo/venta-viviendas/carrer-de-porxet-barxeta-valencia-valencia/"
  },
  {
    "text": "MOM Culinary Institute, Madrid",
    "url": "/geo/venta-viviendas/mom-culinary-institute/"
  },
  {
    "text": "Corvera Golf Country, Murcia",
    "url": "/geo/venta-viviendas/corvera-golf-country/"
  },
  {
    "text": "Maryvilla, Calpe",
    "url": "/venta-viviendas/calpe/maryvilla/"
  },
  {
    "text": "Altury, Turis",
    "url": "/geo/venta-viviendas/altury/"
  },
  {
    "text": "Puerto Sherry, El Puerto de Santa María",
    "url": "/venta-viviendas/el-puerto-de-santa-maria/vistahermosa-fuentebravia/puerto-sherry/"
  },
  {
    "text": "Basque Culinary Center, Donostia-San Sebastián",
    "url": "/geo/venta-viviendas/basque-culinary-center/"
  },
  {
    "text": "Maryvilla, Calpe",
    "url": "/geo/venta-viviendas/maryvilla/"
  },
  {
    "text": "Pryconsa, Alcalá de Henares",
    "url": "/venta-viviendas/alcala-de-henares/pryconsa/"
  },
  {
    "text": "Calle Sallaberry, Madrid",
    "url": "/geo/venta-viviendas/calle-sallaberry-madrid-madrid/"
  },
  {
    "text": "Avenida Costa Galera (Costa Galera Country Club), Estepona",
    "url": "/geo/venta-viviendas/avenida-costa-galera-costa-galera-country-club-estepona-malaga/"
  },
  {
    "text": "Vial-Camino Camino De Santa Cruz De La Zarza A Zarza De Tajo, Cuenca",
    "url": "/geo/venta-viviendas/vial-camino-camino-de-santa-cruz-de-la-zarza-a-zarza-de-tajo-zarza-de-tajo-cuenca/"
  },
  {
    "text": "Vial-Camino Camino De Santa Cruz De La Zarza A Zarza De Tajo, Santa Cruz de la Zarza",
    "url": "/geo/venta-viviendas/vial-camino-camino-de-santa-cruz-de-la-zarza-a-zarza-de-tajo-santa-cruz-de-la-zarza-toledo/"
  },
  {
    "text": "Calle Zarzuela, La Zarza - Perrunal",
    "url": "/geo/venta-viviendas/calle-zarzuela-calanas-huelva/"
  },
  {
    "text": "Grupo B (La Zarza), La Zarza - Perrunal",
    "url": "/geo/venta-viviendas/grupo-b-la-zarza-calanas-huelva/"
  },
  {
    "text": "Grupo A (La Zarza), La Zarza - Perrunal",
    "url": "/geo/venta-viviendas/grupo-a-la-zarza-calanas-huelva/"
  },
  {
    "text": "Calle Cervantes (La Zarza), La Zarza - Perrunal",
    "url": "/geo/venta-viviendas/calle-cervantes-la-zarza-calanas-huelva/"
  },
  {
    "text": "Barrio Lejarza, Izurza",
    "url": "/geo/venta-viviendas/barrio-lejarza-izurtza-bizkaia/"
  },
  {
    "text": "Calle Fuente De Los Zarzales, Zarza-Capilla",
    "url": "/geo/venta-viviendas/calle-fuente-de-los-zarzales-zarza-capilla-badajoz/"
  },
  {
    "text": "Vial-Camino Camino Del Marzal, La Zarza",
    "url": "/geo/venta-viviendas/vial-camino-camino-del-marzal-la-zarza-valladolid/"
  },
  {
    "text": "Calle Las Zarzas, Porzuna",
    "url": "/geo/venta-viviendas/calle-las-zarzas-porzuna-ciudad-real/"
  },
  {
    "text": "Carrer Rossynyol, Alfaz del Pi",
    "url": "/geo/venta-viviendas/carrer-rossynyol-l-alfas-del-pi-alacant-alicante/"
  },
  {
    "text": "Calle Debussy -Urb La Siesta, Torrevieja",
    "url": "/geo/venta-viviendas/calle-debussy-urb-la-siesta-torrevieja-alacant-alicante/"
  },
  {
    "text": "Calle Historiadora Sylvia Romeu, València",
    "url": "/geo/venta-viviendas/calle-historiadora-sylvia-romeu-valencia-valencia-valencia/"
  },
  {
    "text": "Calle Sydney, Sabadell",
    "url": "/geo/venta-viviendas/calle-sydney-sabadell-barcelona/"
  },
  {
    "text": "Camino De Mirandilla A Casas Bajas De Valdelasyeguas, Mérida",
    "url": "/geo/venta-viviendas/vial-camino-camino-de-mirandilla-a-casas-bajas-de-valdelasyeguas-merida-badajoz/"
  },
  {
    "text": "Calle Debussy, Málaga",
    "url": "/geo/venta-viviendas/calle-debussy-malaga-malaga/"
  },
  {
    "text": "Vial-Camino Camino De Valdelasyeguas, Vitigudino",
    "url": "/geo/venta-viviendas/vial-camino-camino-de-valdelasyeguas-vitigudino-salamanca/"
  },
  {
    "text": "Calle Nicolas Bussy, Torre-Pacheco",
    "url": "/geo/venta-viviendas/calle-nicolas-bussy-torre-pacheco-murcia/"
  },
  {
    "text": "Camino De Mirandilla A Casas Bajas De Valdelasyeguas, Alcuéscar",
    "url": "/geo/venta-viviendas/vial-camino-camino-de-mirandilla-a-casas-bajas-de-valdelasyeguas-alcuescar-caceres/"
  },
  {
    "text": "Calle Noisy Le Sec, Arganda",
    "url": "/geo/venta-viviendas/calle-noisy-le-sec-arganda-del-rey-madrid/"
  },
  {
    "text": "Passatge Liszt, Santa Coloma de Gramenet",
    "url": "/geo/venta-viviendas/passatge-liszt-santa-coloma-de-gramenet-barcelona/"
  },
  {
    "text": "Passatge Liszt, Rubí",
    "url": "/geo/venta-viviendas/passatge-liszt-rubi-barcelona/"
  },
  {
    "text": "Calle Franz Liszt, Málaga",
    "url": "/geo/venta-viviendas/calle-franz-liszt-malaga-malaga/"
  },
  {
    "text": "Calle Liszt, Torremolinos",
    "url": "/geo/venta-viviendas/calle-liszt-torremolinos-malaga/"
  },
  {
    "text": "Calle Franz Liszt, Jávea/Xàbia",
    "url": "/geo/venta-viviendas/calle-franz-liszt-javea-xabia-alacant-alicante/"
  },
  {
    "text": "Plaza Carmen Thyssen-Bornemisza, Málaga",
    "url": "/geo/venta-viviendas/plaza-carmen-thyssen-bornemisza-malaga-malaga/"
  },
  {
    "text": "Pasaje F. Liszt, Alfaz del Pi",
    "url": "/geo/venta-viviendas/pasaje-f-liszt-l-alfas-del-pi-alacant-alicante/"
  },
  {
    "text": "Calle Liszt -Urb La Siesta, Torrevieja",
    "url": "/geo/venta-viviendas/calle-liszt-urb-la-siesta-torrevieja-alacant-alicante/"
  },
  {
    "text": "Calle Liszt, El Ejido",
    "url": "/geo/venta-viviendas/calle-liszt-el-ejido-almeria/"
  },
  {
    "text": "Calle Liszt, Llucmajor",
    "url": "/geo/venta-viviendas/calle-liszt-llucmajor-illes-balears/"
  },
  {
    "text": "Txagorritxu, Vitoria-Gasteiz",
    "url": "/venta-viviendas/vitoria-gasteiz/txagorritxu/"
  },
  {
    "text": "Txorierri-Ondiz-Udondo, Leioa",
    "url": "/venta-viviendas/leioa/txorierri-ondiz-udondo/"
  },
  {
    "text": "Otxarkoaga - Txurdinaga, Bilbao",
    "url": "/venta-viviendas/bilbao/otxarkoaga-txurdinaga/"
  },
  {
    "text": "La Txitxarra - Murrieta - Parke Santurtzi, Santurtzi",
    "url": "/venta-viviendas/santurtzi/la-txitxarra-murrieta-parke-santurtzi/"
  },
  {
    "text": "Playa Aritxatxu, Bermeo",
    "url": "/geo/venta-viviendas/playa-aritxatxu/"
  },
  {
    "text": "Calle Matxitxako, Getxo",
    "url": "/geo/venta-viviendas/calle-matxitxako-getxo-bizkaia/"
  },
  {
    "text": "Vial-Camino Basetxetas-Atxoste, Ereño",
    "url": "/geo/venta-viviendas/vial-camino-basetxetas-atxoste-ereno-bizkaia/"
  },
  {
    "text": "Vial-Camino Etxatxu-Beike, Loiu",
    "url": "/geo/venta-viviendas/vial-camino-etxatxu-beike-loiu-bizkaia/"
  },
  {
    "text": "Camino Bidebitarte-Etxetxikerre, Erandio",
    "url": "/geo/venta-viviendas/camino-bidebitarte-etxetxikerre-erandio-bizkaia/"
  },
  {
    "text": "Muelle Txatxo, Lekeitio",
    "url": "/geo/venta-viviendas/muelle-txatxo-lekeitio-bizkaia/"
  },
  {
    "text": "Valencian International University (VIU), València",
    "url": "/geo/venta-viviendas/valencian-international-university-viu/"
  },
  {
    "text": "Alçay-Alçabéhéty-Sunharette, País Vasco Francés",
    "url": "/venta-viviendas/alcay-alcabehety-sunharette-pais-vasco-frances/"
  },
  {
    "text": "Avenida Kansas City, Sevilla",
    "url": "/geo/venta-viviendas/avenida-kansas-city-sevilla-sevilla/"
  },
  {
    "text": "Praza Ketty Quintana, Cee",
    "url": "/geo/venta-viviendas/praza-ketty-quintana-cee-a-coruna/"
  },
  {
    "text": "Callejon Tyde, Tui",
    "url": "/geo/venta-viviendas/callejon-tyde-tui-pontevedra/"
  },
  {
    "text": "Calle Cardenal Minsdzenty, Ciudad-Rodrigo",
    "url": "/geo/venta-viviendas/calle-cardenal-minsdzenty-ciudad-rodrigo-salamanca/"
  },
  {
    "text": "Calle Fundacion Paul Getty, Tirig",
    "url": "/geo/venta-viviendas/calle-fundacion-paul-getty-tirig-castello-castellon/"
  },
  {
    "text": "Calle Security, Rota",
    "url": "/geo/venta-viviendas/calle-security-rota-cadiz/"
  },
  {
    "text": "Calle Cabrinetty, Palma de Mallorca",
    "url": "/geo/venta-viviendas/calle-cabrinetty-palma-illes-balears/"
  },
  {
    "text": "Calle Pascual O'Dogherty, San Fernando",
    "url": "/geo/venta-viviendas/calle-pascual-o-dogherty-san-fernando-cadiz/"
  },
  {
    "text": "Munitibar-Arbatzegi Gerrikaitz, Vizcaya",
    "url": "/venta-viviendas/munitibar-arbatzegi-gerrikaitz-vizcaya/"
  },
  {
    "text": "Leintz-Gatzaga, Guipúzcoa",
    "url": "/venta-viviendas/leintz-gatzaga-guipuzcoa/"
  },
  {
    "text": "Calle (Ipintza) Ipintza, Lezo",
    "url": "/geo/venta-viviendas/calle-ipintza-ipintza-lezo-gipuzkoa/"
  },
  {
    "text": "Barrio Intzuntza, Lemoa",
    "url": "/geo/venta-viviendas/barrio-intzuntza-lemoa-bizkaia/"
  },
  {
    "text": "Urbanitzacio Baratz Eder, Bermeo",
    "url": "/geo/venta-viviendas/urbanitzacio-baratz-eder-bermeo-bizkaia/"
  },
  {
    "text": "Calle Antzar Potzu, Sopelana",
    "url": "/geo/venta-viviendas/calle-antzar-potzu-sopela-bizkaia/"
  },
  {
    "text": "Barri Gartzia Goldaratz, Hernani",
    "url": "/geo/venta-viviendas/barri-gartzia-goldaratz-hernani-gipuzkoa/"
  },
  {
    "text": "Calle Frantzisko Gaintza, Lezo",
    "url": "/geo/venta-viviendas/calle-frantzisko-gaintza-lezo-gipuzkoa/"
  },
  {
    "text": "Urbanitzacio Urbanitzacio Sant Antoni, Llombai",
    "url": "/geo/venta-viviendas/urbanitzacio-urbanitzacio-sant-antoni-llombai-valencia-valencia/"
  },
  {
    "text": "Urbanitzacio Urbanitzacio La Ponderosa, Llombai",
    "url": "/geo/venta-viviendas/urbanitzacio-urbanitzacio-la-ponderosa-llombai-valencia-valencia/"
  },
  {
    "text": "Muxia, A Coruña",
    "url": "/venta-viviendas/muxia-a-coruna/"
  },
  {
    "text": "Benahadux, Almería",
    "url": "/venta-viviendas/benahadux-almeria/"
  },
  {
    "text": "Coruxo - Oia - Saiáns, Vigo",
    "url": "/venta-viviendas/vigo/coruxo-oia-saians/"
  },
  {
    "text": "Rosa de Luxemburgo Aravaca, Madrid",
    "url": "/geo/venta-viviendas/rosa-de-luxemburgo-aravaca/"
  },
  {
    "text": "Maria Auxiliadora - Barriada LLera, Badajoz",
    "url": "/venta-viviendas/badajoz/maria-auxiliadora-barriada-llera/"
  },
  {
    "text": "Coruxo, Vigo",
    "url": "/venta-viviendas/vigo/coruxo-oia-saians/coruxo/"
  },
  {
    "text": "Muxika, Vizcaya",
    "url": "/venta-viviendas/muxika-vizcaya/"
  },
  {
    "text": "Lugar Vilatuxe-Vilatuxe, Lalin",
    "url": "/geo/venta-viviendas/lugar-vilatuxe-vilatuxe-lalin-pontevedra/"
  },
  {
    "text": "Lugar Suxo, Muxia",
    "url": "/geo/venta-viviendas/lugar-suxo-muxia-a-coruna/"
  },
  {
    "text": "Calle Vall De Uxo, Castellón de la Plana / Castello de la Plana",
    "url": "/geo/venta-viviendas/calle-vall-de-uxo-castello-de-la-plana-castello-castellon/"
  },
  {
    "text": "Gea y Truyols, Murcia",
    "url": "/venta-viviendas/murcia/campo-de-murcia/gea-y-truyols/"
  },
  {
    "text": "Bernuy de Porreros, Segovia",
    "url": "/venta-viviendas/bernuy-de-porreros-segovia/"
  },
  {
    "text": "Zuya, Álava",
    "url": "/venta-viviendas/zuya-alava/"
  },
  {
    "text": "Lugar Diseminado Azanuy, Azanuy-Alins",
    "url": "/geo/venta-viviendas/lugar-diseminado-azanuy-azanuy-alins-huesca/"
  },
  {
    "text": "Vial-Camino Camino De San Miguel De Bemuy, San Miguel de Bernuy",
    "url": "/geo/venta-viviendas/vial-camino-camino-de-san-miguel-de-bemuy-san-miguel-de-bernuy-segovia/"
  },
  {
    "text": "Vial Camino Cañada Real De Azanuy A Calasanz, Azanuy-Alins",
    "url": "/geo/venta-viviendas/vial-camino-canada-real-de-azanuy-a-calasanz-azanuy-alins-huesca/"
  },
  {
    "text": "Calle Iglesia (Azanuy), Azanuy-Alins",
    "url": "/geo/venta-viviendas/calle-iglesia-azanuy-azanuy-alins-huesca/"
  },
  {
    "text": "Plaza El Poyo  Ag.Montanuy, Montanuy",
    "url": "/geo/venta-viviendas/plaza-el-poyo-agmontanuy-montanuy-huesca/"
  },
  {
    "text": "Camino Fabuyo-Pr, Luyego",
    "url": "/geo/venta-viviendas/camino-fabuyo-pr-luyego-leon/"
  },
  {
    "text": "Carretera Luyego-Vs, Luyego",
    "url": "/geo/venta-viviendas/carretera-luyego-vs-luyego-leon/"
  },
  {
    "text": "Uztarroz, Navarra",
    "url": "/venta-viviendas/uztarroz-navarra/"
  },
  {
    "text": "La Reserva de Alcuzcuz, Benahavís",
    "url": "/geo/venta-viviendas/la-reserva-de-alcuzcuz/"
  },
  {
    "text": "Auzo Pedrouzo, Muros de Nalón",
    "url": "/geo/venta-viviendas/auzo-pedrouzo-muros-de-nalon-asturias/"
  },
  {
    "text": "Calle De Alcuzcuz, Benahavís",
    "url": "/geo/venta-viviendas/calle-de-alcuzcuz-benahavis-malaga/"
  },
  {
    "text": "Auzo El Couz, Muros de Nalón",
    "url": "/geo/venta-viviendas/auzo-el-couz-muros-de-nalon-asturias/"
  },
  {
    "text": "Calle Doña Luz Cruz Sicilia, Fuencaliente de la Palma",
    "url": "/geo/venta-viviendas/calle-dona-luz-cruz-sicilia-fuencaliente-de-la-palma-santa-cruz-de-tenerife/"
  },
  {
    "text": "Rua Da Cruz-A Cruz, Ourense",
    "url": "/geo/venta-viviendas/rua-da-cruz-a-cruz-ourense-ourense/"
  },
  {
    "text": "Rua Da Bouza-A Bouza, Ourense",
    "url": "/geo/venta-viviendas/rua-da-bouza-a-bouza-ourense-ourense/"
  },
  {
    "text": "Aldea Santa Cruz(St Cruz), Córdoba",
    "url": "/geo/venta-viviendas/aldea-santa-cruzst-cruz-cordoba-cordoba/"
  },
  {
    "text": "Travesia Santa Cruz(Sta Cruz-Va, Villadiego",
    "url": "/geo/venta-viviendas/travesia-santa-cruzsta-cruz-va-villadiego-burgos/"
  },
  {
    "text": "Camino Eras-Vy, Crémenes",
    "url": "/geo/venta-viviendas/camino-eras-vy-cremenes-leon/"
  },
  {
    "text": "Travesia Real I-Vy, Soto y Amio",
    "url": "/geo/venta-viviendas/travesia-real-i-vy-soto-y-amio-leon/"
  },
  {
    "text": "Calleja Cuesta-Vy, Soto y Amio",
    "url": "/geo/venta-viviendas/calleja-cuesta-vy-soto-y-amio-leon/"
  },
  {
    "text": "Camino Nogalones-Vy, Crémenes",
    "url": "/geo/venta-viviendas/camino-nogalones-vy-cremenes-leon/"
  },
  {
    "text": "Calle Roma-Vy, Crémenes",
    "url": "/geo/venta-viviendas/calle-roma-vy-cremenes-leon/"
  },
  {
    "text": "Carretera Vy-4, Villayón",
    "url": "/geo/venta-viviendas/carretera-vy-4-villayon-asturias/"
  },
  {
    "text": "Carretera Vy-6, Villayón",
    "url": "/geo/venta-viviendas/carretera-vy-6-villayon-asturias/"
  },
  {
    "text": "Carretera Vy-1, Villayón",
    "url": "/geo/venta-viviendas/carretera-vy-1-villayon-asturias/"
  },
  {
    "text": "Carretera Vy-3, Villayón",
    "url": "/geo/venta-viviendas/carretera-vy-3-villayon-asturias/"
  },
  {
    "text": "Carretera Vy-2, Villayón",
    "url": "/geo/venta-viviendas/carretera-vy-2-villayon-asturias/"
  },
  {
    "text": "Colonia Casablanca-Vz, Riello",
    "url": "/geo/venta-viviendas/colonia-casablanca-vz-riello-leon/"
  },
  {
    "text": "Carretera Sosas-Vz, Riello",
    "url": "/geo/venta-viviendas/carretera-sosas-vz-riello-leon/"
  },
  {
    "text": "Colonia Montana-Vz, Riello",
    "url": "/geo/venta-viviendas/colonia-montana-vz-riello-leon/"
  },
  {
    "text": "Carretera Omana-Vz, Riello",
    "url": "/geo/venta-viviendas/carretera-omana-vz-riello-leon/"
  },
  {
    "text": "Colonia Cueno-Vz, Riello",
    "url": "/geo/venta-viviendas/colonia-cueno-vz-riello-leon/"
  },
  {
    "text": "Calle Wylly Manchot, Benalmádena",
    "url": "/geo/venta-viviendas/calle-wylly-manchot-benalmadena-malaga/"
  },
  {
    "text": "Camino Xxxvi, Aiguamurcia",
    "url": "/geo/venta-viviendas/camino-xxxvi-aiguamurcia-tarragona/"
  },
  {
    "text": "Camino Xxx, Aiguamurcia",
    "url": "/geo/venta-viviendas/camino-xxx-aiguamurcia-tarragona/"
  },
  {
    "text": "Camino Xxxv, Aiguamurcia",
    "url": "/geo/venta-viviendas/camino-xxxv-aiguamurcia-tarragona/"
  },
  {
    "text": "Camino Xxxiv, Aiguamurcia",
    "url": "/geo/venta-viviendas/camino-xxxiv-aiguamurcia-tarragona/"
  },
  {
    "text": "Urbanizacion Virgen Del Monte Xxx, Bolaños de Calatrava",
    "url": "/geo/venta-viviendas/urbanizacion-virgen-del-monte-xxx-bolanos-de-calatrava-ciudad-real/"
  },
  {
    "text": "Urbanizacion Virgen Del Monte Xxxi, Bolaños de Calatrava",
    "url": "/geo/venta-viviendas/urbanizacion-virgen-del-monte-xxxi-bolanos-de-calatrava-ciudad-real/"
  },
  {
    "text": "Urbanizacion Virgen Del Monte Xxxv, Bolaños de Calatrava",
    "url": "/geo/venta-viviendas/urbanizacion-virgen-del-monte-xxxv-bolanos-de-calatrava-ciudad-real/"
  },
  {
    "text": "Urbanizacion Virgen Del Monte Xxxiv, Bolaños de Calatrava",
    "url": "/geo/venta-viviendas/urbanizacion-virgen-del-monte-xxxiv-bolanos-de-calatrava-ciudad-real/"
  },
  {
    "text": "Urbanizacion Virgen Del Monte Xxxii, Bolaños de Calatrava",
    "url": "/geo/venta-viviendas/urbanizacion-virgen-del-monte-xxxii-bolanos-de-calatrava-ciudad-real/"
  },
  {
    "text": "Urbanizacion Virgen Del Monte Xxxvi, Bolaños de Calatrava",
    "url": "/geo/venta-viviendas/urbanizacion-virgen-del-monte-xxxvi-bolanos-de-calatrava-ciudad-real/"
  },
  {
    "text": "Calle Josep Yxart, Barcelona",
    "url": "/geo/venta-viviendas/calle-josep-yxart-barcelona-barcelona/"
  },
  {
    "text": "Calle De Josep Yxart, Roses",
    "url": "/geo/venta-viviendas/calle-de-josep-yxart-roses-girona/"
  },
  {
    "text": "Calle Josep Yxart, Valls",
    "url": "/geo/venta-viviendas/calle-josep-yxart-valls-tarragona/"
  },
  {
    "text": "Calle Bayyana, Pechina",
    "url": "/geo/venta-viviendas/calle-bayyana-pechina-almeria/"
  },
  {
    "text": "Calle Albayyana, Roquetas de Mar",
    "url": "/geo/venta-viviendas/calle-albayyana-roquetas-de-mar-almeria/"
  },
  {
    "text": "Plaza Albayyana, Roquetas de Mar",
    "url": "/geo/venta-viviendas/plaza-albayyana-roquetas-de-mar-almeria/"
  },
  {
    "text": "Calle Nueva Bayyana, Almería",
    "url": "/geo/venta-viviendas/calle-nueva-bayyana-almeria-almeria/"
  },
  {
    "text": "Glorieta Ishaq Ibn Gayyat, Lucena",
    "url": "/geo/venta-viviendas/glorieta-ishaq-ibn-gayyat-lucena-cordoba/"
  },
  {
    "text": "Plaza De Zayyan, Onda",
    "url": "/geo/venta-viviendas/plaza-de-zayyan-onda-castello-castellon/"
  },
  {
    "text": "Ronda Astronomo Al-Jayyani, Jaén",
    "url": "/geo/venta-viviendas/ronda-astronomo-al-jayyani-jaen-jaen/"
  },
  {
    "text": "Calle Agua Del Albayzin, Granada",
    "url": "/geo/venta-viviendas/calle-agua-del-albayzin-granada-granada/"
  },
  {
    "text": "Calle Luis De Oteyza, Zafra",
    "url": "/geo/venta-viviendas/calle-luis-de-oteyza-zafra-badajoz/"
  },
  {
    "text": "Calle Alayza, Tordillos",
    "url": "/geo/venta-viviendas/calle-alayza-tordillos-salamanca/"
  },
  {
    "text": "Calle Hermanos Reyzabal, Valdeande",
    "url": "/geo/venta-viviendas/calle-hermanos-reyzabal-valdeande-burgos/"
  },
  {
    "text": "Calle Albayzin, Otura",
    "url": "/geo/venta-viviendas/calle-albayzin-villa-de-otura-granada/"
  },
  {
    "text": "Calle Beyzama, Mazarambroz",
    "url": "/geo/venta-viviendas/calle-beyzama-mazarambroz-toledo/"
  },
  {
    "text": "Calle Julian Reyzabal Larrouy, Miraflores de la Sierra",
    "url": "/geo/venta-viviendas/calle-julian-reyzabal-larrouy-miraflores-de-la-sierra-madrid/"
  },
  {
    "text": "Calle De Doctor Garayzabal, Colmenar Viejo",
    "url": "/geo/venta-viviendas/calle-de-doctor-garayzabal-colmenar-viejo-madrid/"
  },
  {
    "text": "Calle Yza Gidelli, Segovia",
    "url": "/geo/venta-viviendas/calle-yza-gidelli-segovia-segovia/"
  },
  {
    "text": "Calle Minas Del Albayzin, Granada",
    "url": "/geo/venta-viviendas/calle-minas-del-albayzin-granada-granada/"
  },
  {
    "text": "Calle Historiador Dozy, Córdoba",
    "url": "/geo/venta-viviendas/calle-historiador-dozy-cordoba-cordoba/"
  },
  {
    "text": "Calle Zzz, Agüimes",
    "url": "/geo/venta-viviendas/calle-zzz-aguimes-las-palmas/"
  },
  {
    "text": "Calle Zzz, Arrecife",
    "url": "/geo/venta-viviendas/calle-zzz-arrecife-las-palmas/"
  },
  {
    "text": "Calle Zz, Arrecife",
    "url": "/geo/venta-viviendas/calle-zz-arrecife-las-palmas/"
  },
  {
    "text": "Calle Periodista Azzati, Buñol",
    "url": "/geo/venta-viviendas/calle-periodista-azzati-bunol-valencia-valencia/"
  },
  {
    "text": "Calle Conde Gazzola Di Ceretto, Segovia",
    "url": "/geo/venta-viviendas/calle-conde-gazzola-di-ceretto-segovia-segovia/"
  },
  {
    "text": "Calle L' Arezz, Sagunto/Sagunt",
    "url": "/geo/venta-viviendas/calle-l-arezz-sagunto-sagunt-valencia-valencia/"
  },
  {
    "text": "Calle Carles Pirozzini, Barcelona",
    "url": "/geo/venta-viviendas/calle-carles-pirozzini-barcelona-barcelona/"
  },
  {
    "text": "Calle Jeronimo Luzzatti, València",
    "url": "/geo/venta-viviendas/calle-jeronimo-luzzatti-valencia-valencia-valencia/"
  },
  {
    "text": "Calle Antonio Linares Pezzi, Málaga",
    "url": "/geo/venta-viviendas/calle-antonio-linares-pezzi-malaga-malaga/"
  },
  {
    "text": "Calle Capitan Bravo Pezzi, Melilla",
    "url": "/geo/venta-viviendas/calle-capitan-bravo-pezzi-melilla-melilla/"
  }
]